{"qubit_count": 30, "circuit_depth": 21, "circuit_width": 30, "retention_lifespan": 3.044522437723423, "gate_density": 0.1523809523809524, "dual_gate_count": 18, "measurement_density": 0.22226620066846822, "size_factor": 4.564348191467836, "gate_count": 78, "entanglement_variance": 0.19010385285561657}